uuid,series_id,series_title,frequency,year,period,period_name,value,latest,footnotes,source_type,collection_timestamp,normalization_timestamp,checksum
26fad1c6-ae16-45ab-81cd-536ba55994ca,CUUR0000SA0,Consumer Price Index for All Urban Consumers (CPI-U): All Items,Monthly,2020,M01,January,257.971,False,,API,2026-07-26T19:16:15Z,2026-07-26T19:16:19Z,7813f46be452c40744687ddc1572c3368481baa2b4baf590b1855e7c0631f5d7
3e62908e-6a6c-4ab2-ac9b-3c6bf9df55ad,CUSR0000SA0,Consumer Price Index (Seasonally Adjusted),Monthly,2020,M01,January,259.127,False,,API,2026-07-26T19:16:15Z,2026-07-26T19:16:19Z,a2de82b880e82ad9baf5ee038d9389ad7020a2049c0c1266faa6117e3ac631e3
19d5fdb4-2055-4741-954e-e27da7a6607b,CUUR0000SA0,Consumer Price Index for All Urban Consumers (CPI-U): All Items,Monthly,2020,M02,February,258.678,False,,API,2026-07-26T19:16:15Z,2026-07-26T19:16:19Z,17394022270962f700d0ff0faede80f6ef2c4537e31db8315c47bb33ba4a209b
1ed91dbd-67bc-45b4-8afe-4bf135645c12,CUSR0000SA0,Consumer Price Index (Seasonally Adjusted),Monthly,2020,M02,February,259.250,False,,API,2026-07-26T19:16:15Z,2026-07-26T19:16:19Z,0ae12dd305c64803a4920dd781f468db2e04036ef64abedbb5a872b754ae9540
270f191c-8068-4aa5-b781-e28f363e9231,CUUR0000SA0,Consumer Price Index for All Urban Consumers (CPI-U): All Items,Monthly,2020,M03,March,258.115,False,,API,2026-07-26T19:16:15Z,2026-07-26T19:16:19Z,cdf29bcf6afa4ab1b21527a03078dc75681354a8ec0997bd9e9ed237ab28e3e7
83aa4f4c-cd8e-43be-aeed-392e6c8f0d5b,CUSR0000SA0,Consumer Price Index (Seasonally Adjusted),Monthly,2020,M03,March,258.076,False,,API,2026-07-26T19:16:15Z,2026-07-26T19:16:19Z,31a91e39652edf0c6b1db4b3b9f1188751e42a8f1bfd0e82fada1b260a7b0735
fc3fc4e2-2318-4c2d-a9b8-8e10b9d4906a,CUUR0000SA0,Consumer Price Index for All Urban Consumers (CPI-U): All Items,Monthly,2020,M04,April,256.389,False,,API,2026-07-26T19:16:15Z,2026-07-26T19:16:19Z,979d766af17e70ea98392f8c10b437093a2afbfd7cbc9169de20d2fabf1b8cc3
8feb3b6b-3921-4c07-8dd7-e5f1c42fe58e,CUSR0000SA0,Consumer Price Index (Seasonally Adjusted),Monthly,2020,M04,April,256.032,False,,API,2026-07-26T19:16:15Z,2026-07-26T19:16:19Z,3b1cf262e0f6abf6415eb17a7fcc6eedbc60ed42c42550f53010e77b534cecd3
cef4b975-d5b3-4c3d-9c0c-1252ec815939,CUUR0000SA0,Consumer Price Index for All Urban Consumers (CPI-U): All Items,Monthly,2020,M05,May,256.394,False,,API,2026-07-26T19:16:15Z,2026-07-26T19:16:19Z,5b3d771330a76eb60a0c468aed06396ce95b308ad9e3d2eceb2d8e274baf4864
8244e830-7b7c-45f5-8161-a3229ee41399,CUSR0000SA0,Consumer Price Index (Seasonally Adjusted),Monthly,2020,M05,May,255.802,False,,API,2026-07-26T19:16:15Z,2026-07-26T19:16:19Z,6de69a7cd77f58371b6384de798dd5c84c7135392433b66c8a030e9cd2c7c8d2
7226c658-ec45-41b7-bcf9-d5b47f2eed36,CUUR0000SA0,Consumer Price Index for All Urban Consumers (CPI-U): All Items,Monthly,2020,M06,June,257.797,False,,API,2026-07-26T19:16:15Z,2026-07-26T19:16:19Z,8a5ccd7321b80806a7106768ca0a7283b9ea56fece86e72626de162be60d951b
4ca513ad-4e4b-42d7-bd25-77732f307304,CUSR0000SA0,Consumer Price Index (Seasonally Adjusted),Monthly,2020,M06,June,257.042,False,,API,2026-07-26T19:16:15Z,2026-07-26T19:16:19Z,003d0941a90fed760c6f15304ae76a2654e58da802ac5643d2814c62a36d0927
c509180f-f5a6-455b-8983-2bfd26fffc97,CUUR0000SA0,Consumer Price Index for All Urban Consumers (CPI-U): All Items,Monthly,2020,M07,July,259.101,False,,API,2026-07-26T19:16:15Z,2026-07-26T19:16:19Z,92edc7e59e44654e42087128dce8e97c8e5f467e41fccb546192c616aeb7e342
5e8e6296-8b7a-4cd5-bdc9-10cb80d552f0,CUSR0000SA0,Consumer Price Index (Seasonally Adjusted),Monthly,2020,M07,July,258.352,False,,API,2026-07-26T19:16:15Z,2026-07-26T19:16:19Z,0f50fe41d6651c6ae7c22d5208760969d37e7e85dc875054d5697a97da375061
b5b262b2-dce2-4400-ba51-7a2a6d5b387f,CUUR0000SA0,Consumer Price Index for All Urban Consumers (CPI-U): All Items,Monthly,2020,M08,August,259.918,False,,API,2026-07-26T19:16:15Z,2026-07-26T19:16:19Z,8982e1346db8439716157c94656681fbb00f27ebf820139011c482b46240b2a3
22474ef6-5244-4bde-9552-d0ce294ec502,CUSR0000SA0,Consumer Price Index (Seasonally Adjusted),Monthly,2020,M08,August,259.316,False,,API,2026-07-26T19:16:15Z,2026-07-26T19:16:19Z,a95d4e1481d4756577cfbea97928202140f53f7f95842e4780b7f4abdc68a004
c07084d9-a4d2-4c05-847a-819070ae1472,CUUR0000SA0,Consumer Price Index for All Urban Consumers (CPI-U): All Items,Monthly,2020,M09,September,260.280,False,,API,2026-07-26T19:16:15Z,2026-07-26T19:16:19Z,830ebd10b5c602f95d90fd27b4e3c706655f5c9c8811e1f2e9448b539062d8b4
e6d95a4f-d72c-41c8-82e7-93d399a1743f,CUSR0000SA0,Consumer Price Index (Seasonally Adjusted),Monthly,2020,M09,September,259.997,False,,API,2026-07-26T19:16:15Z,2026-07-26T19:16:19Z,40d6e30f1fb4b7b708b47314ab0ab45a6a6f73c72278cebf945ccb23c35c7155
11c4088e-2590-4abc-9a1a-3fbc707e0f95,CUUR0000SA0,Consumer Price Index for All Urban Consumers (CPI-U): All Items,Monthly,2020,M10,October,260.388,False,,API,2026-07-26T19:16:15Z,2026-07-26T19:16:19Z,980953bd9ecfbc2d856a18f7e7377d01b22a1b4548bd8caf110e1c16e159732e
3382e501-f55f-4c21-a461-a6000da5ef0b,CUSR0000SA0,Consumer Price Index (Seasonally Adjusted),Monthly,2020,M10,October,260.319,False,,API,2026-07-26T19:16:15Z,2026-07-26T19:16:19Z,56159f4710c5967e5459d0933e90d31c58ec2217f35720d31d54eccf587f1288
755182d2-1266-4960-8cab-bd4ae648f9e2,CUUR0000SA0,Consumer Price Index for All Urban Consumers (CPI-U): All Items,Monthly,2020,M11,November,260.229,False,,API,2026-07-26T19:16:15Z,2026-07-26T19:16:19Z,dd8265e528a7e65773ce15f230648db7edfd24f538327f6973a398223fe61144
8819f5fe-bf59-43f2-869d-f73b84451f7a,CUSR0000SA0,Consumer Price Index (Seasonally Adjusted),Monthly,2020,M11,November,260.911,False,,API,2026-07-26T19:16:15Z,2026-07-26T19:16:19Z,1c604952fbac1a9de52153cee75ca91df4352b4007f78db8cec894180c2a4584
1a65c4e7-53cc-4f3d-ae69-f362f47a63ca,CUUR0000SA0,Consumer Price Index for All Urban Consumers (CPI-U): All Items,Monthly,2020,M12,December,260.474,False,,API,2026-07-26T19:16:15Z,2026-07-26T19:16:19Z,52c71a64c396b4947e143b290e18069ac4f30741c560654ce495daeb16010242
e1c1bd6a-0cb7-4e1a-98ff-dc76c0629401,CUSR0000SA0,Consumer Price Index (Seasonally Adjusted),Monthly,2020,M12,December,262.045,False,,API,2026-07-26T19:16:15Z,2026-07-26T19:16:19Z,fd337aecc9f11ceaae3129bec2f09ea6bb940edf2cb3370859c4af98c830445a
88165fb7-84bb-422e-b0ca-4b8dd5e43734,CUUR0000SA0,Consumer Price Index for All Urban Consumers (CPI-U): All Items,Monthly,2020,M13,Annual,258.811,False,,API,2026-07-26T19:16:15Z,2026-07-26T19:16:19Z,d1343e57dad206b2bbb9069a8d8b9e98e5eb626c04513918f9a1bffe6d24b8d8
d69f1f04-798a-44b5-88e5-e51e4dbb92a5,CUUR0000SA0,Consumer Price Index for All Urban Consumers (CPI-U): All Items,Monthly,2021,M01,January,261.582,False,,API,2026-07-26T19:16:15Z,2026-07-26T19:16:19Z,7b9757b1c133ffec2368d01f614e506303b6d50e5ff39fe37c2761035e2d9d6d
5f28047e-e86a-4a1d-9c84-4e43d0aac8b1,CUSR0000SA0,Consumer Price Index (Seasonally Adjusted),Monthly,2021,M01,January,262.687,False,,API,2026-07-26T19:16:15Z,2026-07-26T19:16:19Z,be78e83dd637a90ff5c7275f5e49f269ed2a0c55b5cecc96aa977f4dcf089234
2de35d3e-cc93-4798-8ff4-5e8d3c449e49,CUUR0000SA0,Consumer Price Index for All Urban Consumers (CPI-U): All Items,Monthly,2021,M02,February,263.014,False,,API,2026-07-26T19:16:15Z,2026-07-26T19:16:19Z,e4478ad47f7a50bae1033147fc2f079ceb573ffa888a5d4018fc01c188e5854e
230ebb13-ef98-4b63-a261-c931f74ecd99,CUSR0000SA0,Consumer Price Index (Seasonally Adjusted),Monthly,2021,M02,February,263.579,False,,API,2026-07-26T19:16:15Z,2026-07-26T19:16:19Z,b0e404455324c623f5df41fbf07c9045627c4c4bd4f85ed8ddb13a6814e78290
f79356ba-c95f-4357-877c-a79040babf69,CUUR0000SA0,Consumer Price Index for All Urban Consumers (CPI-U): All Items,Monthly,2021,M03,March,264.877,False,,API,2026-07-26T19:16:15Z,2026-07-26T19:16:19Z,18e411d9e8d712b382ae9ec8cb0aaabebca65f2bb28226ea1dc90fa4b629989c
8b32f5f1-33f8-4086-99c5-f3e72d5add09,CUSR0000SA0,Consumer Price Index (Seasonally Adjusted),Monthly,2021,M03,March,264.961,False,,API,2026-07-26T19:16:15Z,2026-07-26T19:16:19Z,8e11d4373b5049168ed243af78a5d46b0c7313564a936950517c4daaba7e2f6f
80c37e14-d088-4f76-bca5-fa551c6de999,CUUR0000SA0,Consumer Price Index for All Urban Consumers (CPI-U): All Items,Monthly,2021,M04,April,267.054,False,,API,2026-07-26T19:16:15Z,2026-07-26T19:16:19Z,06c065c4515ddb1b209b31ef948b7b16a0166165ff1e02c42c38b9999af173bb
bf73b787-c2b6-4185-9b52-d7da6ed95bde,CUSR0000SA0,Consumer Price Index (Seasonally Adjusted),Monthly,2021,M04,April,266.614,False,,API,2026-07-26T19:16:15Z,2026-07-26T19:16:19Z,7b8b676067a46d57f38782f353ec2767e93dbc7ed6602399f4a55feb74d408b5
4d22e873-2ae6-4cf3-8c87-85a9bef94ffe,CUUR0000SA0,Consumer Price Index for All Urban Consumers (CPI-U): All Items,Monthly,2021,M05,May,269.195,False,,API,2026-07-26T19:16:15Z,2026-07-26T19:16:19Z,549559084fea996d27e2ef640e0603ce3f891dfce0c6cf8f8743d33c91cec827
f0cbdde0-956e-484c-9ad7-77d6107ee7d0,CUSR0000SA0,Consumer Price Index (Seasonally Adjusted),Monthly,2021,M05,May,268.383,False,,API,2026-07-26T19:16:15Z,2026-07-26T19:16:19Z,e71dcc7c4cf2b1cb271b7d4757490b5653308450ca90e1208987ae630faad250
a5bc27ad-7025-4a0b-8aa1-cab30e0fd1b4,CUUR0000SA0,Consumer Price Index for All Urban Consumers (CPI-U): All Items,Monthly,2021,M06,June,271.696,False,,API,2026-07-26T19:16:15Z,2026-07-26T19:16:19Z,9490556e7930e678a52b0d1666283a35f0d8fac84700dd07ab4c40385b6dad57
fc72fa4c-8d76-437c-85ec-1465b9026e4a,CUSR0000SA0,Consumer Price Index (Seasonally Adjusted),Monthly,2021,M06,June,270.654,False,,API,2026-07-26T19:16:15Z,2026-07-26T19:16:19Z,1c7bf9fb19ef2baa5f3866b65629c2cf7c28c87138f0918840fab59c46c38fa7
44328fd0-bcc6-463e-bcbf-b4778d58d667,CUUR0000SA0,Consumer Price Index for All Urban Consumers (CPI-U): All Items,Monthly,2021,M07,July,273.003,False,,API,2026-07-26T19:16:15Z,2026-07-26T19:16:19Z,2930dc3fc098599fc235613a44330829d8b0319c26329e54b16e4b946ab0ec3b
677c1429-4e28-4f19-9e67-0a2a4432e4ad,CUSR0000SA0,Consumer Price Index (Seasonally Adjusted),Monthly,2021,M07,July,271.903,False,,API,2026-07-26T19:16:15Z,2026-07-26T19:16:19Z,581ffcf543972755000962c1670ce018d1fb486d8f4f8e368bde75b969b7b2a3
1ab9e7d7-af94-4e2d-8afb-337206365836,CUUR0000SA0,Consumer Price Index for All Urban Consumers (CPI-U): All Items,Monthly,2021,M08,August,273.567,False,,API,2026-07-26T19:16:15Z,2026-07-26T19:16:19Z,c8ad57e036ba7c6b7d6a40d539b45a91e0a740642e3754e0e06fbdb561c3b734
acaa0ea1-bf7f-4125-95aa-9bb8c35674f1,CUSR0000SA0,Consumer Price Index (Seasonally Adjusted),Monthly,2021,M08,August,272.676,False,,API,2026-07-26T19:16:15Z,2026-07-26T19:16:19Z,3a53ca9d3101ace6fbd42c3eeeb54b552aa5dbd5ffa91fac8b4c42aa97e7b003
bc736654-d944-4591-ae24-a84365a939b1,CUUR0000SA0,Consumer Price Index for All Urban Consumers (CPI-U): All Items,Monthly,2021,M09,September,274.310,False,,API,2026-07-26T19:16:15Z,2026-07-26T19:16:19Z,57127f02107b3cb5045edcacf13aa289f2cd1dab9645a2d1efde473cafffdbe9
c1281648-0892-4cfa-9543-332d989f8240,CUSR0000SA0,Consumer Price Index (Seasonally Adjusted),Monthly,2021,M09,September,273.910,False,,API,2026-07-26T19:16:15Z,2026-07-26T19:16:19Z,1008ca976f9245ac77e2afa29e5b9287a8a98899b5d8da382229e126bbf65a82
6665c1d5-276a-4107-b977-c806fc7391d9,CUUR0000SA0,Consumer Price Index for All Urban Consumers (CPI-U): All Items,Monthly,2021,M10,October,276.589,False,,API,2026-07-26T19:16:15Z,2026-07-26T19:16:19Z,a97d07d180a7ff88df09d12757935a4587b5e2d97d6bfe1e691a478b8571c04f
35e79db9-d765-4501-a583-257a2ae5ff6c,CUSR0000SA0,Consumer Price Index (Seasonally Adjusted),Monthly,2021,M10,October,276.550,False,,API,2026-07-26T19:16:15Z,2026-07-26T19:16:19Z,cadc06b35eabc1b0cba1c0ad38edf5a2ea0a7cfca269aee99de6fbe953513cc8
88769834-7730-405c-8555-205d8823f98f,CUUR0000SA0,Consumer Price Index for All Urban Consumers (CPI-U): All Items,Monthly,2021,M11,November,277.948,False,,API,2026-07-26T19:16:15Z,2026-07-26T19:16:19Z,95cacd667c43391c899f861ffd197847ac9c7028745553df151d5f93de8127d4
59fcfef7-68d5-4f5c-9543-3eeb144584bb,CUSR0000SA0,Consumer Price Index (Seasonally Adjusted),Monthly,2021,M11,November,278.919,False,,API,2026-07-26T19:16:15Z,2026-07-26T19:16:19Z,b8239bbf18f097a30d2e09923dfd1be8b8edaf29dab4b8333d8d1abac0947d6b
756cfd0a-21f3-47b3-af5f-07ee60ae0fdb,CUUR0000SA0,Consumer Price Index for All Urban Consumers (CPI-U): All Items,Monthly,2021,M12,December,278.802,False,,API,2026-07-26T19:16:15Z,2026-07-26T19:16:19Z,278a952b3986bf002c8a472b342f721b86d5a9fe4beb46736939cdaba2562a7e
ac45504f-549e-4ad8-b690-a2bcb9132eb4,CUSR0000SA0,Consumer Price Index (Seasonally Adjusted),Monthly,2021,M12,December,280.845,False,,API,2026-07-26T19:16:15Z,2026-07-26T19:16:19Z,c467c3ecf794b17640691d20fa013378c03a32b4cd2f0dede94a6bd1d8cf7252
ae7d649c-d712-4013-9b72-29367be9b4f9,CUUR0000SA0,Consumer Price Index for All Urban Consumers (CPI-U): All Items,Monthly,2021,M13,Annual,270.970,False,,API,2026-07-26T19:16:15Z,2026-07-26T19:16:19Z,dcaa8e8c4b13e640da0df154e665082823852ef928110e24b7a7684ef17a4648
943f1d6b-5d7f-4539-bfce-97820a93a4b2,CUUR0000SA0,Consumer Price Index for All Urban Consumers (CPI-U): All Items,Monthly,2022,M01,January,281.148,False,,API,2026-07-26T19:16:15Z,2026-07-26T19:16:19Z,b0168e20614c69d8e3c62d3e313878bfed1b16f0b0a21d8a8637386de9515625
fab89c3e-1fc4-4daa-bf10-dad8e8381cf1,CUSR0000SA0,Consumer Price Index (Seasonally Adjusted),Monthly,2022,M01,January,282.543,False,,API,2026-07-26T19:16:15Z,2026-07-26T19:16:19Z,0ced5ba4059c76a0cb68dab6c51cf6033dbddcc28d8b1af13e7d67ccff2fb7b2
4c1896d7-4a3a-4d67-a5be-156011e8084d,CUUR0000SA0,Consumer Price Index for All Urban Consumers (CPI-U): All Items,Monthly,2022,M02,February,283.716,False,,API,2026-07-26T19:16:15Z,2026-07-26T19:16:19Z,931f62f9de57ab5b94596abf3ab0c8cdc29faf9464a972b9559739396cdf1f0b
4d62c9e8-a5ea-4dc0-bc0a-649419130109,CUSR0000SA0,Consumer Price Index (Seasonally Adjusted),Monthly,2022,M02,February,284.500,False,,API,2026-07-26T19:16:15Z,2026-07-26T19:16:19Z,48f0d6154a4e15c137cd28f5522f1619954e4876c9470dc7977aa913889dd43d
206269c5-62c3-4c9b-8bd8-cac652225532,CUUR0000SA0,Consumer Price Index for All Urban Consumers (CPI-U): All Items,Monthly,2022,M03,March,287.504,False,,API,2026-07-26T19:16:15Z,2026-07-26T19:16:19Z,7097f1c2e460346a3ee86623b5b8471f3c4c3a1fff95b29654716ecdba3bc00a
ffae4b7d-2c5a-4d66-8772-6c5851ff6a9a,CUSR0000SA0,Consumer Price Index (Seasonally Adjusted),Monthly,2022,M03,March,287.674,False,,API,2026-07-26T19:16:15Z,2026-07-26T19:16:19Z,905659f3ad118799dd44ffacec4818eadca1f1dc49eb1014cf1830491f8de3af
425ff683-3415-4fcc-9b9e-4b72b3ec9381,CUUR0000SA0,Consumer Price Index for All Urban Consumers (CPI-U): All Items,Monthly,2022,M04,April,289.109,False,,API,2026-07-26T19:16:15Z,2026-07-26T19:16:19Z,b034235e84a3805a5d201f784098c075527f0b4ac672b0326408953c623e5451
9a89e946-2626-460d-91a5-5038e1d71fdc,CUSR0000SA0,Consumer Price Index (Seasonally Adjusted),Monthly,2022,M04,April,288.561,False,,API,2026-07-26T19:16:15Z,2026-07-26T19:16:19Z,0e31b1f55c183392ec738f7a23866afd51367d8679cc02f99ff803004e48741c
a805f8cb-8202-4814-9547-36be32b2fa97,CUUR0000SA0,Consumer Price Index for All Urban Consumers (CPI-U): All Items,Monthly,2022,M05,May,292.296,False,,API,2026-07-26T19:16:15Z,2026-07-26T19:16:19Z,d59d509a32735aa6107c06d73546f70b38d06a62e324baf2cd1c2f2711da8a52
d7bea115-7741-49cf-8922-8468924d4b64,CUSR0000SA0,Consumer Price Index (Seasonally Adjusted),Monthly,2022,M05,May,291.298,False,,API,2026-07-26T19:16:15Z,2026-07-26T19:16:19Z,8dc60ffafcbb42bfb6b6ae19d71118873fa66de3c01bb003047cad3dc06584e4
867aab39-6380-4173-8f19-c66eaac3fa31,CUUR0000SA0,Consumer Price Index for All Urban Consumers (CPI-U): All Items,Monthly,2022,M06,June,296.311,False,,API,2026-07-26T19:16:15Z,2026-07-26T19:16:19Z,e1feffc9b1eaeeb2447a3c6a984c2fbc2298fef6dda0d431ee69163c0b67e7a3
888003ac-4606-4dcc-bb9c-6d3be467dea9,CUSR0000SA0,Consumer Price Index (Seasonally Adjusted),Monthly,2022,M06,June,294.957,False,,API,2026-07-26T19:16:15Z,2026-07-26T19:16:19Z,b225c198693033238eb3a2ea58d8aee44800e72d661763af0f274200965b87e8
17cd008c-6277-40a7-8fab-d6e804a0d623,CUUR0000SA0,Consumer Price Index for All Urban Consumers (CPI-U): All Items,Monthly,2022,M07,July,296.276,False,,API,2026-07-26T19:16:15Z,2026-07-26T19:16:19Z,16786ad9d8bf7b19111ae7baa8f63adb16b797733030e6a67f3d2a2861bd08b9
88290674-0033-41fe-9b90-7a756cf68b84,CUSR0000SA0,Consumer Price Index (Seasonally Adjusted),Monthly,2022,M07,July,294.913,False,,API,2026-07-26T19:16:15Z,2026-07-26T19:16:19Z,97bb8ef7bc32efb2c944ae48b32f3858db976096accf669f00948959d838c1f6
b6b4e46e-c659-48c2-9bed-cb82a2ebc026,CUUR0000SA0,Consumer Price Index for All Urban Consumers (CPI-U): All Items,Monthly,2022,M08,August,296.171,False,,API,2026-07-26T19:16:15Z,2026-07-26T19:16:19Z,8d66ae47164637406f5464f939c8ff7222257f9ee9a25019af73c106ddcf4306
6974f647-851a-448b-bf65-fabd4fdcfbe1,CUSR0000SA0,Consumer Price Index (Seasonally Adjusted),Monthly,2022,M08,August,295.097,False,,API,2026-07-26T19:16:15Z,2026-07-26T19:16:19Z,df841416cec109b1b6be7364ca2ffefc89f004531c9a235fda4c18a7556d812b
f0bd8496-262f-4afc-be1f-5f6d771f0c33,CUUR0000SA0,Consumer Price Index for All Urban Consumers (CPI-U): All Items,Monthly,2022,M09,September,296.808,False,,API,2026-07-26T19:16:15Z,2026-07-26T19:16:19Z,19e94d74d61d8c565b3626ba6c85e378353a0b308a2df6c3e5362da22c510f4d
20cafd9b-7465-41ed-a889-9ecab9c93c68,CUSR0000SA0,Consumer Price Index (Seasonally Adjusted),Monthly,2022,M09,September,296.349,False,,API,2026-07-26T19:16:15Z,2026-07-26T19:16:19Z,6aa0ec98e7a66907fff1245b79044c3f646fd9c651d64b980a236316d416d205
942af134-6069-400a-83e5-9f73338778df,CUUR0000SA0,Consumer Price Index for All Urban Consumers (CPI-U): All Items,Monthly,2022,M10,October,298.012,False,,API,2026-07-26T19:16:15Z,2026-07-26T19:16:19Z,c6fb3464b6a16711e6d27a9864326824e97ebd95922128ae0c270778a473c4a5
615b2bd1-5742-4b3c-b18c-c9ddd66d0660,CUSR0000SA0,Consumer Price Index (Seasonally Adjusted),Monthly,2022,M10,October,298.007,False,,API,2026-07-26T19:16:15Z,2026-07-26T19:16:19Z,cbdc5a9ab61c5fa38418f4eb473035c9397cf23fcdf7af9195ff63f7d8c32485
c5e5351c-7a98-47f9-b816-a1db035dc02b,CUUR0000SA0,Consumer Price Index for All Urban Consumers (CPI-U): All Items,Monthly,2022,M11,November,297.711,False,,API,2026-07-26T19:16:15Z,2026-07-26T19:16:19Z,78234f25f00ba41651b09c358f04a3665401c5660187bb4e4f6ec377e415b9e4
575cda0b-c08c-4cb3-934b-014bddf400da,CUSR0000SA0,Consumer Price Index (Seasonally Adjusted),Monthly,2022,M11,November,298.786,False,,API,2026-07-26T19:16:15Z,2026-07-26T19:16:19Z,420187f5b8bc626e043b85dc786e808ae464ca18079784c962a07c19e6e1a139
ce0a90af-ad05-41ab-b3b5-ca1715ba08c5,CUUR0000SA0,Consumer Price Index for All Urban Consumers (CPI-U): All Items,Monthly,2022,M12,December,296.797,False,,API,2026-07-26T19:16:15Z,2026-07-26T19:16:19Z,3268c26e93e456cfd3a8a5ebb38a477063ebcf379ccbfea1d1a61b801b8ee0c4
d00fc183-4581-47a2-8702-e2392a0c8bb8,CUSR0000SA0,Consumer Price Index (Seasonally Adjusted),Monthly,2022,M12,December,298.832,False,,API,2026-07-26T19:16:15Z,2026-07-26T19:16:19Z,43dc1ce90d984ea676cad49462e11caaba61ac5ec55aa7214a696831eee70f4a
ab7248d2-d0f0-49b4-a5bc-e4f83bc0349d,CUUR0000SA0,Consumer Price Index for All Urban Consumers (CPI-U): All Items,Monthly,2022,M13,Annual,292.655,False,,API,2026-07-26T19:16:15Z,2026-07-26T19:16:19Z,5497f273f28ad5d6e2413298c653e61860fccb6f66958a3790730e5755b75cd4
cc404031-f6ef-4d1f-be72-fdf716be7092,CUUR0000SA0,Consumer Price Index for All Urban Consumers (CPI-U): All Items,Monthly,2023,M01,January,299.170,False,,API,2026-07-26T19:16:15Z,2026-07-26T19:16:19Z,489863bcaa7259746814de4c0703f38b285858d2440b2e6a418919a5365bbc6d
6fd8e481-7aa4-4646-a75c-ca53d7ec2285,CUSR0000SA0,Consumer Price Index (Seasonally Adjusted),Monthly,2023,M01,January,300.420,False,,API,2026-07-26T19:16:15Z,2026-07-26T19:16:19Z,d7d69a9e9c45d40e3559e1ff8014611ac905d3d340a1eaa86ad0f4cbb2da6be0
57625f2c-4049-46c9-8f47-5eab463897e0,CUUR0000SA0,Consumer Price Index for All Urban Consumers (CPI-U): All Items,Monthly,2023,M02,February,300.840,False,,API,2026-07-26T19:16:15Z,2026-07-26T19:16:19Z,c8802398be41d4a40ecf41ff42f302d8c21c509cd07fa349fe803d771729e8b0
f4f1044f-a99e-48b3-b644-553be6267a77,CUSR0000SA0,Consumer Price Index (Seasonally Adjusted),Monthly,2023,M02,February,301.450,False,,API,2026-07-26T19:16:15Z,2026-07-26T19:16:19Z,a4dd67c557028907b370c33a65ecc785d7ebacb7331f440aabf2caf45f51f818
0dd7405e-50bb-4803-a3f2-50269ff76b4b,CUUR0000SA0,Consumer Price Index for All Urban Consumers (CPI-U): All Items,Monthly,2023,M03,March,301.836,False,,API,2026-07-26T19:16:15Z,2026-07-26T19:16:19Z,1ec4340f51fa9b39967a2e7ac85fab70105099b43fdd72e09b32cfdb701cfc77
d2616ba2-9293-4992-9400-bba67c9ab8a2,CUSR0000SA0,Consumer Price Index (Seasonally Adjusted),Monthly,2023,M03,March,301.821,False,,API,2026-07-26T19:16:15Z,2026-07-26T19:16:19Z,1af46f16378f314525c382dc2a432421cc4938cf09c05dffaf4b46d9b3598675
b529d99d-ac18-4d36-86a9-ecd60ec42bfe,CUUR0000SA0,Consumer Price Index for All Urban Consumers (CPI-U): All Items,Monthly,2023,M04,April,303.363,False,,API,2026-07-26T19:16:15Z,2026-07-26T19:16:19Z,eeb688e52f0b44d0b4a7591db64b714877fb475625f1988ea94a71fc6d44d087
c2591a07-1b06-4fae-85d1-091b4d640a9b,CUSR0000SA0,Consumer Price Index (Seasonally Adjusted),Monthly,2023,M04,April,302.845,False,,API,2026-07-26T19:16:15Z,2026-07-26T19:16:19Z,2c3ba75fd2b9f34637ef2099e61b8e783162f4a7c1d21960959d13b7c45b7851
f73b1072-6286-4c87-b230-60a1bf044fb0,CUUR0000SA0,Consumer Price Index for All Urban Consumers (CPI-U): All Items,Monthly,2023,M05,May,304.127,False,,API,2026-07-26T19:16:15Z,2026-07-26T19:16:19Z,f8e39d07ac196ac6a8b37112f726138b9babe0db70e8f972ea1eb218fa16e110
1ed3c9f0-7667-4602-bc47-66fb0aa7584b,CUSR0000SA0,Consumer Price Index (Seasonally Adjusted),Monthly,2023,M05,May,303.334,False,,API,2026-07-26T19:16:15Z,2026-07-26T19:16:19Z,596c7b221ccab1e53b430a7128f8669a6e3915946d80a08026b92f4ae4e0a1cf
085a4297-7fcf-4eff-afa5-dce0046269b5,CUUR0000SA0,Consumer Price Index for All Urban Consumers (CPI-U): All Items,Monthly,2023,M06,June,305.109,False,,API,2026-07-26T19:16:15Z,2026-07-26T19:16:19Z,ee7527102aac4c988d7034d2ced9560895e2edf227c512e993f43f6261b70849
067447f7-94dd-48bf-adbd-b21b516fa65f,CUSR0000SA0,Consumer Price Index (Seasonally Adjusted),Monthly,2023,M06,June,304.014,False,,API,2026-07-26T19:16:15Z,2026-07-26T19:16:19Z,7c9f53fb53257346a4245497360ea2ed2249d541cb6db34243bc0b77051cfb8c
63f475e5-d6f5-420e-bb3e-583429ac42bd,CUUR0000SA0,Consumer Price Index for All Urban Consumers (CPI-U): All Items,Monthly,2023,M07,July,305.691,False,,API,2026-07-26T19:16:15Z,2026-07-26T19:16:19Z,6c9ed35bc151d7007bc846a112a3c30f7980124db5bcbaea7fe0754abfda1e6a
ca491ba4-cb6c-4687-8bb0-b438c0d5299a,CUSR0000SA0,Consumer Price Index (Seasonally Adjusted),Monthly,2023,M07,July,304.609,False,,API,2026-07-26T19:16:15Z,2026-07-26T19:16:19Z,7c4e62fcfb6b01dc65ab2d1fec76642ca9c14ab025d0a2c2cd768fb21ef76e60
890ca6d7-d0fe-45b1-bf51-90f276e23155,CUUR0000SA0,Consumer Price Index for All Urban Consumers (CPI-U): All Items,Monthly,2023,M08,August,307.026,False,,API,2026-07-26T19:16:15Z,2026-07-26T19:16:19Z,e61fe0c70499f0ef03b7166592b037e833c0d5fb6d2846583ceb86f51816c058
769fb014-d0b1-4623-886c-8366e0743604,CUSR0000SA0,Consumer Price Index (Seasonally Adjusted),Monthly,2023,M08,August,306.082,False,,API,2026-07-26T19:16:15Z,2026-07-26T19:16:19Z,239d7eb83ab86a940baa33f7a37932f62a1dfbba62201e479645ebd69f41902d
1ddc8fcb-64ed-4849-aae9-93fc5b3090b1,CUUR0000SA0,Consumer Price Index for All Urban Consumers (CPI-U): All Items,Monthly,2023,M09,September,307.789,False,,API,2026-07-26T19:16:15Z,2026-07-26T19:16:19Z,024547f7a5d7aa0ea44a50cb770c5e87484a20674b0e35595a18a78e381f0c20
3a477975-cee3-4971-af06-db2b3a486209,CUSR0000SA0,Consumer Price Index (Seasonally Adjusted),Monthly,2023,M09,September,307.276,False,,API,2026-07-26T19:16:15Z,2026-07-26T19:16:19Z,92ffc910c8630f03854dfd4155f5be4ebcfc232a8eff01527d019fb4e6c09b81
638daceb-ac4a-4ac8-9b2d-4535c79e7a80,CUUR0000SA0,Consumer Price Index for All Urban Consumers (CPI-U): All Items,Monthly,2023,M10,October,307.671,False,,API,2026-07-26T19:16:15Z,2026-07-26T19:16:19Z,87133923e62dc672a5fbcac6e6eac12dfc8c5ce9a203b873e7f0f3a0baa13a68
25806a7b-190a-4ad2-8cf7-ffe4bae2dd04,CUSR0000SA0,Consumer Price Index (Seasonally Adjusted),Monthly,2023,M10,October,307.696,False,,API,2026-07-26T19:16:15Z,2026-07-26T19:16:19Z,fbb64ef2676c13588eea215b7af7564a46110c886b3f2b354ba4a367148ccc4a
9f8bce40-4095-43b6-b3fd-1c352ef97bd2,CUUR0000SA0,Consumer Price Index for All Urban Consumers (CPI-U): All Items,Monthly,2023,M11,November,307.051,False,,API,2026-07-26T19:16:15Z,2026-07-26T19:16:19Z,204003ed1df4485a9f98054dbdc06ac08adfa1164f7653ca0dea03d7d2fe7855
2dba36ca-b17b-41a3-9793-f147466dccf9,CUSR0000SA0,Consumer Price Index (Seasonally Adjusted),Monthly,2023,M11,November,308.148,False,,API,2026-07-26T19:16:15Z,2026-07-26T19:16:19Z,a81d75a8d2fe1dbd1f15e41e3d4b99200f4d5513528d34c13c161ad7b29fbcfd
4bbf5263-f27b-4adb-9b28-d1ec31df2cfb,CUUR0000SA0,Consumer Price Index for All Urban Consumers (CPI-U): All Items,Monthly,2023,M12,December,306.746,False,,API,2026-07-26T19:16:15Z,2026-07-26T19:16:19Z,950d883c1be4f25489548fa1c041cde66a0169c88d4d6b65677ba38cc1569c8e
b8042144-2c5c-4a6d-9a88-fb75b63a29f6,CUSR0000SA0,Consumer Price Index (Seasonally Adjusted),Monthly,2023,M12,December,308.741,False,,API,2026-07-26T19:16:15Z,2026-07-26T19:16:19Z,74e3a08a40f5fc7e1432d496095c83c8a733b38fe96b583b88e6b087c53dee03
e53a6d98-85a2-4315-ae6f-dc553d760fa9,CUUR0000SA0,Consumer Price Index for All Urban Consumers (CPI-U): All Items,Monthly,2023,M13,Annual,304.702,False,,API,2026-07-26T19:16:15Z,2026-07-26T19:16:19Z,6644d855568da7c7e3736a7f47c564ce9b4fcad3879842d66b5fc8e2943c6f2f
59984175-e212-45d0-8a47-66b3c5ed26bd,CUUR0000SA0,Consumer Price Index for All Urban Consumers (CPI-U): All Items,Monthly,2024,M01,January,308.417,False,,API,2026-07-26T19:16:15Z,2026-07-26T19:16:19Z,c588f7e05281ab7b5c58486c1efe629a4f8e8f11902aba4cbea44444e6be5acb
9993890a-e83a-48da-a64b-9e59ff0c849b,CUSR0000SA0,Consumer Price Index (Seasonally Adjusted),Monthly,2024,M01,January,309.698,False,,API,2026-07-26T19:16:15Z,2026-07-26T19:16:19Z,bb6804e260fa8a22b822549ba80927dd9676fe92b0b2fbf4ec1f0180a0270b9c
79d09eaa-a47d-4213-9bfa-f596224d3b4c,CUUR0000SA0,Consumer Price Index for All Urban Consumers (CPI-U): All Items,Monthly,2024,M02,February,310.326,False,,API,2026-07-26T19:16:15Z,2026-07-26T19:16:19Z,2c1d1fa0f7ee2c5ac590e4b760b389d73e0a7caf691455d2a614f648f6d12c40
03de3a97-aba2-4b2b-b7bd-46848d2b3293,CUSR0000SA0,Consumer Price Index (Seasonally Adjusted),Monthly,2024,M02,February,310.967,False,,API,2026-07-26T19:16:15Z,2026-07-26T19:16:19Z,2b1bed5e630622676a9e7a1ebd112f8450c69558255206f169f9146fef123ccd
f08de19f-226f-47c2-9b7f-42a2e54abca9,CUUR0000SA0,Consumer Price Index for All Urban Consumers (CPI-U): All Items,Monthly,2024,M03,March,312.332,False,,API,2026-07-26T19:16:15Z,2026-07-26T19:16:19Z,e8d5f78f4bf50ddb9bbdb8bb69d8070d4bb1f4cafe0f6be08ce72368fa63329b
66e28b23-ed8d-4981-a64a-792fd85a5e70,CUSR0000SA0,Consumer Price Index (Seasonally Adjusted),Monthly,2024,M03,March,312.345,False,,API,2026-07-26T19:16:15Z,2026-07-26T19:16:19Z,1ec87aa953d6170db9dc8a2628653ee7d411ef10f5dad095bf4ec8d411769388
4a7793fc-16fe-4200-b671-59af98614887,CUUR0000SA0,Consumer Price Index for All Urban Consumers (CPI-U): All Items,Monthly,2024,M04,April,313.548,False,,API,2026-07-26T19:16:15Z,2026-07-26T19:16:19Z,6d3d2c77441eb469521cc5139ef537eb1f53987c252f489d3a8f4b69b5faffdf
5815073d-9415-4c82-987d-1cdf0279ac98,CUSR0000SA0,Consumer Price Index (Seasonally Adjusted),Monthly,2024,M04,April,313.023,False,,API,2026-07-26T19:16:15Z,2026-07-26T19:16:19Z,160f7ce9d6aa60b4f878be53257598479da7b0a7dab0e908d50941e5e8558284
59e70f15-7580-4245-a493-ffb86d2b441f,CUUR0000SA0,Consumer Price Index for All Urban Consumers (CPI-U): All Items,Monthly,2024,M05,May,314.069,False,,API,2026-07-26T19:16:15Z,2026-07-26T19:16:19Z,16839544898d50c5dee2e9d3842a1c7c208335dfc25f7773f173a2b175607ab2
c2709407-ced2-4653-ba21-78e79d82b9df,CUSR0000SA0,Consumer Price Index (Seasonally Adjusted),Monthly,2024,M05,May,313.175,False,,API,2026-07-26T19:16:15Z,2026-07-26T19:16:19Z,e4bb64cb08cdcba7048115822be3282185db0265de44276833f8a768e018774d
b466e948-70f5-47d2-af98-9a5257dfed52,CUUR0000SA0,Consumer Price Index for All Urban Consumers (CPI-U): All Items,Monthly,2024,M06,June,314.175,False,,API,2026-07-26T19:16:15Z,2026-07-26T19:16:19Z,a8fee7059437dbb3c97195a53b66c9a4890a3e00b4af2cac1ca4f63570cc51ed
342c1d9f-f321-412f-9b54-c4b5f586e0bf,CUSR0000SA0,Consumer Price Index (Seasonally Adjusted),Monthly,2024,M06,June,313.044,False,,API,2026-07-26T19:16:15Z,2026-07-26T19:16:19Z,7b2659d08b164e26185a1ece3fc438365ae740b642c372ddc693c5d66055fc32
1c606da4-86cd-4704-9e18-03eebb0bff10,CUUR0000SA0,Consumer Price Index for All Urban Consumers (CPI-U): All Items,Monthly,2024,M07,July,314.540,False,,API,2026-07-26T19:16:15Z,2026-07-26T19:16:19Z,0d315c59b047b625e8b6d0f5558a86b6875a16c940babcaec866ac52af797879
d7b2d91f-2aa6-4962-a648-6c4d7dd9e5f4,CUSR0000SA0,Consumer Price Index (Seasonally Adjusted),Monthly,2024,M07,July,313.569,False,,API,2026-07-26T19:16:15Z,2026-07-26T19:16:19Z,0736c892bd06446339438c3f44d925a0342435e1bf7a7e0d17435b5c0d86ae54
542a9e6a-86d4-4eb6-b5ed-1a8386e9ab81,CUUR0000SA0,Consumer Price Index for All Urban Consumers (CPI-U): All Items,Monthly,2024,M08,August,314.796,False,,API,2026-07-26T19:16:15Z,2026-07-26T19:16:19Z,2358655cc75b917054ae4b458406ce2de70d611a074e693bcfe86c529b5646cc
7dc248fe-1ebf-4e9e-9ad4-819e58f35e91,CUSR0000SA0,Consumer Price Index (Seasonally Adjusted),Monthly,2024,M08,August,314.062,False,,API,2026-07-26T19:16:15Z,2026-07-26T19:16:19Z,74c76a4190292e8e2f39ff58aa7843430bd137679229bfb05febdc9885411447
35ac1519-1ac8-495e-86da-a58f6fa5a032,CUUR0000SA0,Consumer Price Index for All Urban Consumers (CPI-U): All Items,Monthly,2024,M09,September,315.301,False,,API,2026-07-26T19:16:15Z,2026-07-26T19:16:19Z,c31bde09a5390e4aa968c74cfc03ff46acf0798334351756d2c9136292642f2c
be26553c-8738-43a4-a1d6-ab95d869a5ce,CUSR0000SA0,Consumer Price Index (Seasonally Adjusted),Monthly,2024,M09,September,314.732,False,,API,2026-07-26T19:16:15Z,2026-07-26T19:16:19Z,0db5239817428a88ca419ccac6debaae09a251e133d44214865dfa479d8c6b04
e42aa748-e5a2-487b-bcae-9d5af194543d,CUUR0000SA0,Consumer Price Index for All Urban Consumers (CPI-U): All Items,Monthly,2024,M10,October,315.664,False,,API,2026-07-26T19:16:15Z,2026-07-26T19:16:19Z,0e5ad49ed252874f331123aea8fb78a2331a370e58e351be719b28549f1298e4
08b4ed9f-7e67-4edd-95ed-69bd3e570692,CUSR0000SA0,Consumer Price Index (Seasonally Adjusted),Monthly,2024,M10,October,315.631,False,,API,2026-07-26T19:16:15Z,2026-07-26T19:16:19Z,a6fe2a2f554d5f608478cb340ba3655d1b5c14115d3165a716c7b0d2fd363c7a
e0bb18f4-73de-4963-bfff-49be32eb2606,CUUR0000SA0,Consumer Price Index for All Urban Consumers (CPI-U): All Items,Monthly,2024,M11,November,315.493,False,,API,2026-07-26T19:16:15Z,2026-07-26T19:16:19Z,61b1eea6eab6e22a62a5ee98e0b04fb28e4623131f509a601c82737a956ec718
9362703b-f04e-4ff0-9bc8-18608271c190,CUSR0000SA0,Consumer Price Index (Seasonally Adjusted),Monthly,2024,M11,November,316.528,False,,API,2026-07-26T19:16:15Z,2026-07-26T19:16:19Z,61e1d14dd53391380853fa00f6cd0d6c10cdfcdc4680f964aed33ebfff57fd6a
e7fe0523-fd5d-4738-b34c-252a86ccd917,CUUR0000SA0,Consumer Price Index for All Urban Consumers (CPI-U): All Items,Monthly,2024,M12,December,315.605,False,,API,2026-07-26T19:16:15Z,2026-07-26T19:16:19Z,3ca589e90dc24d3c5525616185b6f3f7ff20434fd19b073bc74fb90c6b410e18
295bd060-d73d-429a-9427-55419fbdf22a,CUSR0000SA0,Consumer Price Index (Seasonally Adjusted),Monthly,2024,M12,December,317.604,False,,API,2026-07-26T19:16:15Z,2026-07-26T19:16:19Z,240e728f1958f273b2a4e595877059006bb403ed96e5bc40cd8ad6428bc9cb0e
6a14237f-66ed-48a5-a693-505934e026e7,CUUR0000SA0,Consumer Price Index for All Urban Consumers (CPI-U): All Items,Monthly,2024,M13,Annual,313.689,False,,API,2026-07-26T19:16:15Z,2026-07-26T19:16:19Z,b499eff7e8d11398321dbf2ad9d612c6643d317bebc0ac1b8ec100435d3ffe6c
fcd13902-5f2c-4094-827a-e708a67ae28c,CUUR0000SA0,Consumer Price Index for All Urban Consumers (CPI-U): All Items,Monthly,2025,M01,January,317.671,False,,API,2026-07-26T19:16:15Z,2026-07-26T19:16:19Z,e3b56b61a76de101aa6beb5767824172032e3137860384d04c90631d06f31074
cf59ce78-733e-415f-ad22-d13f873c4cdf,CUSR0000SA0,Consumer Price Index (Seasonally Adjusted),Monthly,2025,M01,January,318.961,False,,API,2026-07-26T19:16:15Z,2026-07-26T19:16:19Z,c1370753cb5f85a3fb532a8d4d60983210b5ccfbcc63757d060ec03c885036eb
13bd3b85-de80-4993-80fa-0bbe1647a85a,CUUR0000SA0,Consumer Price Index for All Urban Consumers (CPI-U): All Items,Monthly,2025,M02,February,319.082,False,,API,2026-07-26T19:16:15Z,2026-07-26T19:16:19Z,e0a7e1e4970e591559bf8fae20b16038500bd6484f114c7bb895fc98128a8fa9
9e9f19fe-88ff-48df-9c47-67eaccff7d39,CUSR0000SA0,Consumer Price Index (Seasonally Adjusted),Monthly,2025,M02,February,319.679,False,,API,2026-07-26T19:16:15Z,2026-07-26T19:16:19Z,8f384647d71ed804eedcbc078e152e8f8583e308eae40dafd345ac0f1de7a21b
20d02caa-6fc6-418d-ba44-def8c0cf00b9,CUUR0000SA0,Consumer Price Index for All Urban Consumers (CPI-U): All Items,Monthly,2025,M03,March,319.799,False,,API,2026-07-26T19:16:15Z,2026-07-26T19:16:19Z,a72162d34ee6555dda55baf1306aecee9269ff93723d267e174fb86f6c50ada0
76faf317-e008-41b5-b091-7997f5a4b727,CUSR0000SA0,Consumer Price Index (Seasonally Adjusted),Monthly,2025,M03,March,319.785,False,,API,2026-07-26T19:16:15Z,2026-07-26T19:16:19Z,fd7aefc2984eec59cec365d4870b2a0770349a181a8a8ebdfd66b407ebc3a7d4
899ecf3d-2c35-4a8c-a2ed-a909573d0446,CUUR0000SA0,Consumer Price Index for All Urban Consumers (CPI-U): All Items,Monthly,2025,M04,April,320.795,False,,API,2026-07-26T19:16:15Z,2026-07-26T19:16:19Z,7b93ec28c3509d124cb92ea123d61ec5d94644b440bd1c8b3923fc437fcd04c5
de381850-ab98-455a-9f38-c642fc48ad7e,CUSR0000SA0,Consumer Price Index (Seasonally Adjusted),Monthly,2025,M04,April,320.302,False,,API,2026-07-26T19:16:15Z,2026-07-26T19:16:19Z,bbcf60b8524e90e0caec5c1e1c165c47ae85a85d0654edd2ad09229b9972ef22
e990abab-bc34-4879-adb4-7f3aeec6c708,CUUR0000SA0,Consumer Price Index for All Urban Consumers (CPI-U): All Items,Monthly,2025,M05,May,321.465,False,,API,2026-07-26T19:16:15Z,2026-07-26T19:16:19Z,262fad6ac53ee2e256cbf52cc7b3bd696cea84d919d0a79396b177cfd3af01e2
2e751a24-0561-4778-a8c9-c3ab4601e30e,CUSR0000SA0,Consumer Price Index (Seasonally Adjusted),Monthly,2025,M05,May,320.620,False,,API,2026-07-26T19:16:15Z,2026-07-26T19:16:19Z,a7f9e772fabe05b344f1f7b446b1f01f58b1e9bb99733fa118db938e9e874c6e
5590931c-b9ed-4aae-b065-dbb80d9f1c56,CUUR0000SA0,Consumer Price Index for All Urban Consumers (CPI-U): All Items,Monthly,2025,M06,June,322.561,False,,API,2026-07-26T19:16:15Z,2026-07-26T19:16:19Z,39edbef69e633a1c01c9504e5510cfcec0f84bd4a15bd66bf14fd01fcf6eaaf3
9673faf8-7d21-4f8b-8674-3158021daec5,CUSR0000SA0,Consumer Price Index (Seasonally Adjusted),Monthly,2025,M06,June,321.435,False,,API,2026-07-26T19:16:15Z,2026-07-26T19:16:19Z,799d3a1923a55a7379c44a4a16ac87f5d422e9c552c2e8ecc3da460d98485f24
c2e944e4-bf53-4e9e-a7f8-56d2ad881694,CUUR0000SA0,Consumer Price Index for All Urban Consumers (CPI-U): All Items,Monthly,2025,M07,July,323.048,False,,API,2026-07-26T19:16:15Z,2026-07-26T19:16:19Z,585667e45a83bca197379092b9739c68852a40e7c2fbcf65bfc23e75705c857b
1c5916eb-6abc-430a-9b4b-94e66213dea4,CUSR0000SA0,Consumer Price Index (Seasonally Adjusted),Monthly,2025,M07,July,322.169,False,,API,2026-07-26T19:16:15Z,2026-07-26T19:16:19Z,62be64274c6994823754d03d407163957ca7a560527ba9a5cf90e08a62752513
9c8c116d-2cbd-47e5-b10a-84a68b993fcc,CUUR0000SA0,Consumer Price Index for All Urban Consumers (CPI-U): All Items,Monthly,2025,M08,August,323.976,False,,API,2026-07-26T19:16:15Z,2026-07-26T19:16:19Z,16119505ba6b03e46449d218b700c5761677799f566c84d6eaa5203ad51f4c87
5b59ab91-c8e2-45c5-8d9c-772e281a2818,CUSR0000SA0,Consumer Price Index (Seasonally Adjusted),Monthly,2025,M08,August,323.291,False,,API,2026-07-26T19:16:15Z,2026-07-26T19:16:19Z,85b8b10044d810d6373ef685231dce99dfcb4df757c1794c1cdf88ca41f82392
adf233af-0779-41d8-85ff-b9ed3febc28f,CUUR0000SA0,Consumer Price Index for All Urban Consumers (CPI-U): All Items,Monthly,2025,M09,September,324.800,False,,API,2026-07-26T19:16:15Z,2026-07-26T19:16:19Z,b67d71b15815e6e61a9e58b8d642110baeb81ea4cd0cdf4172372725aa87ef2f
40967ad3-c1e7-4662-8a8f-6555b1a2dcc8,CUSR0000SA0,Consumer Price Index (Seasonally Adjusted),Monthly,2025,M09,September,324.245,False,,API,2026-07-26T19:16:15Z,2026-07-26T19:16:19Z,fadf24c708392d3e5106c077b2ccda74c55fd7c7af0ff1d7295ea14b67e5fce5
554758b4-d9b6-4bc5-9c60-c7be3afa6c36,CUUR0000SA0,Consumer Price Index for All Urban Consumers (CPI-U): All Items,Monthly,2025,M11,November,324.122,False,,API,2026-07-26T19:16:15Z,2026-07-26T19:16:19Z,ed465d95226016213ce8a2fecceeec19668e0e5a50fd0194b550c0ce1f48df1c
59a45363-c4a2-465b-95c4-eebed8c9739f,CUSR0000SA0,Consumer Price Index (Seasonally Adjusted),Monthly,2025,M11,November,325.063,False,,API,2026-07-26T19:16:15Z,2026-07-26T19:16:19Z,74ef5f48fd70d3675e60add78705d5f716c0645432861d12d03b0ef6f9b175e3
5a4072bd-71fc-4d5e-bd6b-57228a5a4b45,CUUR0000SA0,Consumer Price Index for All Urban Consumers (CPI-U): All Items,Monthly,2025,M12,December,324.054,False,,API,2026-07-26T19:16:15Z,2026-07-26T19:16:19Z,837a345bb686632d2cfc4b5c2957a39740363a83559ca76f060bca61e5c2c6f6
2050878f-59b4-4af7-b5ad-5186f1ab1a68,CUSR0000SA0,Consumer Price Index (Seasonally Adjusted),Monthly,2025,M12,December,326.031,False,,API,2026-07-26T19:16:15Z,2026-07-26T19:16:19Z,231ef892a70671857fa87bf4a98cb0178d75702009e61cd10410b1276414b6db
20d4d2ad-1369-4fef-88a8-568ab31f9f30,CUUR0000SA0,Consumer Price Index for All Urban Consumers (CPI-U): All Items,Monthly,2025,M13,Annual,321.943,False,,API,2026-07-26T19:16:15Z,2026-07-26T19:16:19Z,e67ce111d56fd0828f02311a91273d79105041032ff50dbf4cc81a20e0ed87df
305b3864-ac24-4654-9eed-0cd82c5929cc,CUUR0000SA0,Consumer Price Index for All Urban Consumers (CPI-U): All Items,Monthly,2026,M01,January,325.252,False,,API,2026-07-26T19:16:15Z,2026-07-26T19:16:19Z,7128dc842796c4c85e020b9c63089a0a633eaf1697e2150f95314e8e942ca7b2
ab45faf2-3aaf-485c-be36-c1009ae4fba9,CUSR0000SA0,Consumer Price Index (Seasonally Adjusted),Monthly,2026,M01,January,326.588,False,,API,2026-07-26T19:16:15Z,2026-07-26T19:16:19Z,9d9fe068abe8679141261115c695d712956889c31a61769de00da408ad045161
ffef6bb0-6ebe-4a29-b058-6f7faf94b900,CUUR0000SA0,Consumer Price Index for All Urban Consumers (CPI-U): All Items,Monthly,2026,M02,February,326.785,False,,API,2026-07-26T19:16:15Z,2026-07-26T19:16:19Z,755ac96c7e1c705e7af6e48d4f367cc146fb3ce6772585c3b7a722ae60634493
240b2c61-140c-4587-84cf-3a8e8b5a5c10,CUSR0000SA0,Consumer Price Index (Seasonally Adjusted),Monthly,2026,M02,February,327.460,False,,API,2026-07-26T19:16:15Z,2026-07-26T19:16:19Z,fdd1ecb4f1e0b6e9f9bb8ec9da8610170f3ae112ba493c284835a1ce3638b7b7
d025f339-8bff-4ce3-b117-7e545ba0ba0f,CUUR0000SA0,Consumer Price Index for All Urban Consumers (CPI-U): All Items,Monthly,2026,M03,March,330.213,False,,API,2026-07-26T19:16:15Z,2026-07-26T19:16:19Z,ffdf48d0b014fb8fee6ae20712adf359352532f20684fa5b5b4dbec4d731b0c3
9a878eb0-11bb-4890-b8cc-dbcc7e4a9e11,CUSR0000SA0,Consumer Price Index (Seasonally Adjusted),Monthly,2026,M03,March,330.293,False,,API,2026-07-26T19:16:15Z,2026-07-26T19:16:19Z,0a41e09b5c811196290e49e8eeafe276d569795b59d19e23fe4f045b62757867
86645bc9-f080-4ccd-a551-9adb843165c9,CUUR0000SA0,Consumer Price Index for All Urban Consumers (CPI-U): All Items,Monthly,2026,M04,April,333.020,False,,API,2026-07-26T19:16:15Z,2026-07-26T19:16:19Z,badeee3c53a31d78de705601323107ade888c5f4051dc4e6880326ed3a30ac58
6292ea81-af4b-42cd-9dd7-a06f61d9a7d4,CUSR0000SA0,Consumer Price Index (Seasonally Adjusted),Monthly,2026,M04,April,332.407,False,,API,2026-07-26T19:16:15Z,2026-07-26T19:16:19Z,086cc8dc16b53f819de88fce5ba76d7f4f2c022265e14433a389df0cc7bdf75b
833a516c-7efe-4d0e-944a-b2cf7be21ed9,CUUR0000SA0,Consumer Price Index for All Urban Consumers (CPI-U): All Items,Monthly,2026,M05,May,335.123,False,,API,2026-07-26T19:16:15Z,2026-07-26T19:16:19Z,58b3edb0a999ae3778dfb7d19b16fdab3537fd7180eb95c3c60d7665f6c98299
8badadf3-30bd-44b8-9719-74bb49f8fca5,CUSR0000SA0,Consumer Price Index (Seasonally Adjusted),Monthly,2026,M05,May,333.979,False,,API,2026-07-26T19:16:15Z,2026-07-26T19:16:19Z,88511398271efb63866bbedf6b808c07e94274bd1304fb87d8215d789336cacc
e2f88ee2-0de0-483b-b076-5d0a85db140e,CUUR0000SA0,Consumer Price Index for All Urban Consumers (CPI-U): All Items,Monthly,2026,M06,June,333.952,True,,API,2026-07-26T19:16:15Z,2026-07-26T19:16:19Z,58a1bef45e03ab5d57cffc1136105f9904ee731050963b8b9247bc5be8f98d91
02d0f678-861e-4719-858c-a6d5b062b123,CUSR0000SA0,Consumer Price Index (Seasonally Adjusted),Monthly,2026,M06,June,332.568,True,,API,2026-07-26T19:16:15Z,2026-07-26T19:16:19Z,71313940b6680dff65ebcaf1762a2dbfae00c39e5456c8217693baa017708716
